{"data":{"allJsonJson":{"nodes":[{"en":{"infoCardSection":[{"description":"Cras aptent volutpat consequat tellus iaculis orci.","pillText":"Lorem ipsum","title":"Lorem ipsum dolor sit amet"},{"description":"Sem posuere mollis dignissim nisi elementum commodo vitae class.","pillText":"Cras aptent","title":"Ut enim ad minim veniam"},{"description":"Porttitor phasellus semper finibus nam ridiculus pulvinar.","pillText":"Tellus iaculis","title":"sed do eiusmod tempor"}]},"es":{"infoCardSection":[{"description":"Cras aptent volutpat consequat tellus iaculis orci.","pillText":"Lorem ipsum","title":"Lorem ipsum dolor sit amet"},{"description":"Sem posuere mollis dignissim nisi elementum commodo vitae class.","pillText":"Cras aptent","title":"Ut enim ad minim veniam"},{"description":"Porttitor phasellus semper finibus nam ridiculus pulvinar.","pillText":"Tellus iaculis","title":"sed do eiusmod tempor"}]}}]}}}