{"data":{"allJsonJson":{"nodes":[{"en":{"experienceSection":{"description":"Our cutting-edge software and world-class team are here to help your business become the most profitable, organized, and successful it is ever been.","title":"The all-in-one software whose goal is your growth."}},"es":{"experienceSection":{"description":"Nuestro software de vanguardia y equipo de clase mundial están aquí para ayudar a que tu negocio sea el más rentable, organizado y exitoso que jamás haya sido.","title":"El software todo en uno cuyo objetivo es tu crecimiento."}}}]}}}