{"data":{"allFile":{"nodes":[{"id":"6a52b9ab-05e0-5ba2-9250-52a979ff9118","name":"rentmote-Add-Owner-application-screenshot-experience","childImageSharp":{"gatsbyImageData":{"layout":"constrained","backgroundColor":"#f8f8f8","images":{"fallback":{"src":"/static/bea786a431794c66a1dc476692088e41/5a0b2/rentmote-Add-Owner-application-screenshot-experience.png","srcSet":"/static/bea786a431794c66a1dc476692088e41/9956e/rentmote-Add-Owner-application-screenshot-experience.png 163w,\n/static/bea786a431794c66a1dc476692088e41/5f82c/rentmote-Add-Owner-application-screenshot-experience.png 325w,\n/static/bea786a431794c66a1dc476692088e41/5a0b2/rentmote-Add-Owner-application-screenshot-experience.png 650w,\n/static/bea786a431794c66a1dc476692088e41/5ede5/rentmote-Add-Owner-application-screenshot-experience.png 1300w","sizes":"(min-width: 650px) 650px, 100vw"},"sources":[{"srcSet":"/static/bea786a431794c66a1dc476692088e41/457db/rentmote-Add-Owner-application-screenshot-experience.webp 163w,\n/static/bea786a431794c66a1dc476692088e41/76d1e/rentmote-Add-Owner-application-screenshot-experience.webp 325w,\n/static/bea786a431794c66a1dc476692088e41/94f5b/rentmote-Add-Owner-application-screenshot-experience.webp 650w,\n/static/bea786a431794c66a1dc476692088e41/5664e/rentmote-Add-Owner-application-screenshot-experience.webp 1300w","type":"image/webp","sizes":"(min-width: 650px) 650px, 100vw"}]},"width":650,"height":480}}},{"id":"70e2954c-c9c0-5c1f-bafa-9eaee6165f14","name":"rentmote-Add-Tanent-application-screenshot-experience","childImageSharp":{"gatsbyImageData":{"layout":"constrained","backgroundColor":"#f8f8f8","images":{"fallback":{"src":"/static/0c3efdbd1866b7a757405e548b3386c9/13d43/rentmote-Add-Tanent-application-screenshot-experience.png","srcSet":"/static/0c3efdbd1866b7a757405e548b3386c9/afdfc/rentmote-Add-Tanent-application-screenshot-experience.png 153w,\n/static/0c3efdbd1866b7a757405e548b3386c9/12c00/rentmote-Add-Tanent-application-screenshot-experience.png 307w,\n/static/0c3efdbd1866b7a757405e548b3386c9/13d43/rentmote-Add-Tanent-application-screenshot-experience.png 613w,\n/static/0c3efdbd1866b7a757405e548b3386c9/a0049/rentmote-Add-Tanent-application-screenshot-experience.png 1226w","sizes":"(min-width: 613px) 613px, 100vw"},"sources":[{"srcSet":"/static/0c3efdbd1866b7a757405e548b3386c9/aca8e/rentmote-Add-Tanent-application-screenshot-experience.webp 153w,\n/static/0c3efdbd1866b7a757405e548b3386c9/e9e89/rentmote-Add-Tanent-application-screenshot-experience.webp 307w,\n/static/0c3efdbd1866b7a757405e548b3386c9/132d5/rentmote-Add-Tanent-application-screenshot-experience.webp 613w,\n/static/0c3efdbd1866b7a757405e548b3386c9/7bc77/rentmote-Add-Tanent-application-screenshot-experience.webp 1226w","type":"image/webp","sizes":"(min-width: 613px) 613px, 100vw"}]},"width":613,"height":480}}},{"id":"a332aad8-d05a-528c-a95f-22ac8e7dcc72","name":"rentmote-Add-Property-application-screenshot-experience","childImageSharp":{"gatsbyImageData":{"layout":"constrained","backgroundColor":"#f8f8f8","images":{"fallback":{"src":"/static/43ae76b9477a9549aa42959f7d109844/809f3/rentmote-Add-Property-application-screenshot-experience.jpg","srcSet":"/static/43ae76b9477a9549aa42959f7d109844/a01a4/rentmote-Add-Property-application-screenshot-experience.jpg 164w,\n/static/43ae76b9477a9549aa42959f7d109844/70188/rentmote-Add-Property-application-screenshot-experience.jpg 328w,\n/static/43ae76b9477a9549aa42959f7d109844/809f3/rentmote-Add-Property-application-screenshot-experience.jpg 655w,\n/static/43ae76b9477a9549aa42959f7d109844/9b450/rentmote-Add-Property-application-screenshot-experience.jpg 1310w","sizes":"(min-width: 655px) 655px, 100vw"},"sources":[{"srcSet":"/static/43ae76b9477a9549aa42959f7d109844/41479/rentmote-Add-Property-application-screenshot-experience.webp 164w,\n/static/43ae76b9477a9549aa42959f7d109844/7e4cd/rentmote-Add-Property-application-screenshot-experience.webp 328w,\n/static/43ae76b9477a9549aa42959f7d109844/027b9/rentmote-Add-Property-application-screenshot-experience.webp 655w,\n/static/43ae76b9477a9549aa42959f7d109844/8f090/rentmote-Add-Property-application-screenshot-experience.webp 1310w","type":"image/webp","sizes":"(min-width: 655px) 655px, 100vw"}]},"width":655,"height":480}}},{"id":"ce497557-7bcb-54ce-898f-c4942b8956e3","name":"rentmote-Home-application-screenshot-experience","childImageSharp":{"gatsbyImageData":{"layout":"constrained","backgroundColor":"#f8f8f8","images":{"fallback":{"src":"/static/e206cec7d78e8792bbd50029df84a59e/f0a06/rentmote-Home-application-screenshot-experience.png","srcSet":"/static/e206cec7d78e8792bbd50029df84a59e/18e3f/rentmote-Home-application-screenshot-experience.png 169w,\n/static/e206cec7d78e8792bbd50029df84a59e/4580c/rentmote-Home-application-screenshot-experience.png 338w,\n/static/e206cec7d78e8792bbd50029df84a59e/f0a06/rentmote-Home-application-screenshot-experience.png 675w,\n/static/e206cec7d78e8792bbd50029df84a59e/7de7d/rentmote-Home-application-screenshot-experience.png 1350w","sizes":"(min-width: 675px) 675px, 100vw"},"sources":[{"srcSet":"/static/e206cec7d78e8792bbd50029df84a59e/4682a/rentmote-Home-application-screenshot-experience.webp 169w,\n/static/e206cec7d78e8792bbd50029df84a59e/400ad/rentmote-Home-application-screenshot-experience.webp 338w,\n/static/e206cec7d78e8792bbd50029df84a59e/934d8/rentmote-Home-application-screenshot-experience.webp 675w,\n/static/e206cec7d78e8792bbd50029df84a59e/a4f1c/rentmote-Home-application-screenshot-experience.webp 1350w","type":"image/webp","sizes":"(min-width: 675px) 675px, 100vw"}]},"width":675,"height":480}}},{"id":"6072593c-5ee4-56d6-89f4-fa66dca80d37","name":"rentmote-Payments-application-screenshot-experience","childImageSharp":{"gatsbyImageData":{"layout":"constrained","backgroundColor":"#f8f8f8","images":{"fallback":{"src":"/static/2b5225d280ec35e1b97db315ef63857d/f0a06/rentmote-Payments-application-screenshot-experience.png","srcSet":"/static/2b5225d280ec35e1b97db315ef63857d/18e3f/rentmote-Payments-application-screenshot-experience.png 169w,\n/static/2b5225d280ec35e1b97db315ef63857d/4580c/rentmote-Payments-application-screenshot-experience.png 338w,\n/static/2b5225d280ec35e1b97db315ef63857d/f0a06/rentmote-Payments-application-screenshot-experience.png 675w,\n/static/2b5225d280ec35e1b97db315ef63857d/7de7d/rentmote-Payments-application-screenshot-experience.png 1350w","sizes":"(min-width: 675px) 675px, 100vw"},"sources":[{"srcSet":"/static/2b5225d280ec35e1b97db315ef63857d/4682a/rentmote-Payments-application-screenshot-experience.webp 169w,\n/static/2b5225d280ec35e1b97db315ef63857d/400ad/rentmote-Payments-application-screenshot-experience.webp 338w,\n/static/2b5225d280ec35e1b97db315ef63857d/934d8/rentmote-Payments-application-screenshot-experience.webp 675w,\n/static/2b5225d280ec35e1b97db315ef63857d/a4f1c/rentmote-Payments-application-screenshot-experience.webp 1350w","type":"image/webp","sizes":"(min-width: 675px) 675px, 100vw"}]},"width":675,"height":480}}}]}}}