{"data":{"allJsonJson":{"nodes":[{"en":{"quantityInformationSection":[{"description":"Rhoncus inceptos scelerisque dictumst senectus himenaeos posuere; cubilia iaculis","quantity":33.3,"title":"nullam faucibus","unity":"k"},{"description":"Vel felis convallis eu diam convallis faucibus. Diam nec vel mi facilisi nec imperdiet venenatis praesent","quantity":4.2,"title":"nullam faucibus","unity":"k"},{"description":"Feugiat mauris dapibus laoreet congue; odio semper. Metus venenatis elit enim hac mattis neque","quantity":500,"title":"nullam faucibus","unity":""}]},"es":{"quantityInformationSection":[{"description":"Amet pharetra at egestas vel platea etiam. Egestas leo litora quisque consectetur blandit vel venenatis","quantity":33.3,"title":"Massa suscipit","unity":"k"},{"description":"Habitant mus sodales nec imperdiet ac faucibus. Fringilla penatibus phasellus iaculis eu curabitur.","quantity":4.2,"title":"lorem senectus","unity":"k"},{"description":"Feugiat mauris dapibus laoreet congue; odio semper. Metus venenatis elit enim hac mattis neque","quantity":500,"title":"metus viverra","unity":""}]}}]}}}