{"data":{"allJsonJson":{"nodes":[{"en":{"applicationDescription":{"description":"The application reduces management time, minimizes missed payments, and ensures an efficient experience for property managers, property management companies, and property owners.","title":"Rentmote makes managing your rentals easier."}},"es":{"applicationDescription":{"description":"La aplicación reduce los tiempos de gestión, minimiza impagos y garantiza una experiencia eficiente para los gestores de propiedades, inmobiliarias y propietarios.","title":"Rentmote te facilita la gestión de tus alquileres"}}}]}}}