{"data":{"allMarkdownRemark":{"nodes":[{"frontmatter":{"lang":"en","type":"privacyPolicy"},"html":"<h1>Terms and Conditions of Use</h1>\n<h2>1. Introduction</h2>\n<p>Welcome to [Application Name] (\"we\", \"our\" or \"the Application\"). These Terms and Conditions (\"Terms\") govern access to and use of our web platform. By using the Application, you fully accept these Terms. If you do not agree with them, please do not use the Application.</p>\n<h2>2. Use of the Application</h2>\n<ul>\n<li>You must be at least 18 years old or have parental or guardian consent to use the Application.</li>\n<li>You may not use the Application for illegal or unauthorized activities.</li>\n<li>We reserve the right to suspend or terminate your access if you violate these Terms.</li>\n</ul>\n<h2>3. Account Registration and Security</h2>\n<ul>\n<li>To access certain features, you may need to create an account.</li>\n<li>You are responsible for maintaining the confidentiality of your login information.</li>\n<li>You must notify us immediately of any unauthorized use of your account.</li>\n</ul>\n<h2>4. Privacy and Personal Data</h2>\n<ul>\n<li>The collection and use of your data are governed by our Privacy Policy.</li>\n<li>We are committed to protecting your personal information and using it only for legitimate purposes.</li>\n</ul>\n<h2>5. Intellectual Property</h2>\n<ul>\n<li>All intellectual property rights in the Application and its content belong to us or are used under license.</li>\n<li>Copying, modifying, distributing, or using our content without prior authorization is not allowed.</li>\n</ul>\n<h2>6. Limitation of Liability</h2>\n<ul>\n<li>The Application is provided \"as is,\" and we do not guarantee its uninterrupted or error-free operation.</li>\n<li>We are not responsible for direct, indirect, or incidental damages resulting from the use of the Application.</li>\n</ul>\n<h2>7. Changes to the Terms</h2>\n<ul>\n<li>We reserve the right to modify these Terms at any time.</li>\n<li>Changes will take effect once published in the Application.</li>\n<li>It is your responsibility to review the Terms periodically.</li>\n</ul>\n<h2>8. Governing Law</h2>\n<ul>\n<li>These Terms are governed by the laws of [Country or Jurisdiction].</li>\n<li>Any disputes will be resolved in the courts of [Location].</li>\n</ul>\n<h2>9. Contact</h2>\n<p>If you have any questions about these Terms, you can contact us at [contact email].</p>"},{"frontmatter":{"lang":"en","type":"termsOfService"},"html":"<h1>Terms and Conditions of Use</h1>\n<h2>1. Introduction</h2>\n<p>Welcome to [Application Name] (\"we\", \"our\" or \"the Application\"). These Terms and Conditions (\"Terms\") govern access to and use of our web platform. By using the Application, you fully accept these Terms. If you do not agree with them, please do not use the Application.</p>\n<h2>2. Use of the Application</h2>\n<ul>\n<li>You must be at least 18 years old or have parental or guardian consent to use the Application.</li>\n<li>You may not use the Application for illegal or unauthorized activities.</li>\n<li>We reserve the right to suspend or terminate your access if you violate these Terms.</li>\n</ul>\n<h2>3. Account Registration and Security</h2>\n<ul>\n<li>To access certain features, you may need to create an account.</li>\n<li>You are responsible for maintaining the confidentiality of your login information.</li>\n<li>You must notify us immediately of any unauthorized use of your account.</li>\n</ul>\n<h2>4. Privacy and Personal Data</h2>\n<ul>\n<li>The collection and use of your data are governed by our Privacy Policy.</li>\n<li>We are committed to protecting your personal information and using it only for legitimate purposes.</li>\n</ul>\n<h2>5. Intellectual Property</h2>\n<ul>\n<li>All intellectual property rights in the Application and its content belong to us or are used under license.</li>\n<li>Copying, modifying, distributing, or using our content without prior authorization is not allowed.</li>\n</ul>\n<h2>6. Limitation of Liability</h2>\n<ul>\n<li>The Application is provided \"as is,\" and we do not guarantee its uninterrupted or error-free operation.</li>\n<li>We are not responsible for direct, indirect, or incidental damages resulting from the use of the Application.</li>\n</ul>\n<h2>7. Changes to the Terms</h2>\n<ul>\n<li>We reserve the right to modify these Terms at any time.</li>\n<li>Changes will take effect once published in the Application.</li>\n<li>It is your responsibility to review the Terms periodically.</li>\n</ul>\n<h2>8. Governing Law</h2>\n<ul>\n<li>These Terms are governed by the laws of [Country or Jurisdiction].</li>\n<li>Any disputes will be resolved in the courts of [Location].</li>\n</ul>\n<h2>9. Contact</h2>\n<p>If you have any questions about these Terms, you can contact us at [contact email].</p>"},{"frontmatter":{"lang":null,"type":null},"html":""},{"frontmatter":{"lang":null,"type":null},"html":""},{"frontmatter":{"lang":null,"type":null},"html":""},{"frontmatter":{"lang":"es","type":"privacyPolicy"},"html":"<h1>Política de Privacidad</h1>\n<h2>1. Introducción</h2>\n<p>Bienvenido a [Nombre de la Aplicación] (\"nosotros\", \"nuestro\" o \"la Aplicación\"). Esta Política de Privacidad explica cómo recopilamos, usamos y protegemos su información personal cuando utiliza nuestra plataforma web. Al usar la Aplicación, usted acepta las prácticas descritas en esta política.</p>\n<h2>2. Información que Recopilamos</h2>\n<p>Podemos recopilar los siguientes tipos de información:</p>\n<ul>\n<li><strong>Información Personal:</strong> Nombre, dirección de correo electrónico, número de teléfono y otros datos que proporcione al registrar una cuenta.</li>\n<li><strong>Datos de Uso:</strong> Información sobre cómo interactúa con la Aplicación, como páginas visitadas, tiempo de uso y acciones realizadas.</li>\n<li><strong>Información del Dispositivo:</strong> Datos sobre el dispositivo utilizado para acceder a la Aplicación, incluyendo dirección IP, tipo de navegador y sistema operativo.</li>\n</ul>\n<h2>3. Cómo Usamos su Información</h2>\n<p>Utilizamos la información recopilada para los siguientes propósitos:</p>\n<ul>\n<li>Para proporcionar y mejorar nuestros servicios.</li>\n<li>Para personalizar la experiencia del usuario.</li>\n<li>Para comunicar actualizaciones, promociones y avisos importantes.</li>\n<li>Para garantizar la seguridad y prevenir actividades fraudulentas.</li>\n</ul>\n<h2>4. Compartición y Divulgación de Datos</h2>\n<p>No vendemos ni alquilamos su información personal. Sin embargo, podemos compartir datos en los siguientes casos:</p>\n<ul>\n<li><strong>Con Proveedores de Servicios:</strong> Para ayudarnos a operar y mantener la Aplicación.</li>\n<li><strong>Requerimientos Legales:</strong> Si es requerido por ley, orden judicial o autoridad gubernamental.</li>\n<li><strong>Transferencias Empresariales:</strong> En caso de fusión, adquisición o venta de activos.</li>\n</ul>\n<h2>5. Seguridad de los Datos</h2>\n<p>Implementamos medidas de seguridad razonables para proteger su información personal. Sin embargo, ningún método de transmisión o almacenamiento es 100% seguro, y no podemos garantizar seguridad absoluta.</p>\n<h2>6. Sus Derechos y Opciones</h2>\n<p>Usted tiene derecho a:</p>\n<ul>\n<li>Acceder, actualizar o eliminar su información personal.</li>\n<li>Optar por no recibir comunicaciones de marketing.</li>\n<li>Solicitar más detalles sobre cómo manejamos sus datos.</li>\n</ul>\n<h2>7. Cambios a Esta Política</h2>\n<p>Podemos actualizar esta Política de Privacidad ocasionalmente. Cualquier cambio será publicado en esta página, y el uso continuo de la Aplicación significa la aceptación de la política revisada.</p>\n<h2>8. Contacto</h2>\n<p>Si tiene alguna pregunta sobre esta Política de Privacidad, puede contactarnos en [correo electrónico de contacto].</p>"},{"frontmatter":{"lang":"es","type":"termsOfService"},"html":"<h1>Términos y Condiciones de Uso</h1>\n<h2>1. Introducción</h2>\n<p>Bienvenido a [Nombre de la Aplicación] (\"nosotros\", \"nuestro\" o \"la Aplicación\"). Estos Términos y Condiciones (\"Términos\") regulan el acceso y uso de nuestra plataforma web. Al utilizar la Aplicación, usted acepta estos Términos en su totalidad. Si no está de acuerdo con ellos, por favor no utilice la Aplicación.</p>\n<h2>2. Uso de la Aplicación</h2>\n<ul>\n<li>Debe tener al menos 18 años de edad o contar con el consentimiento de sus padres o tutores para utilizar la Aplicación.</li>\n<li>No puede utilizar la Aplicación para actividades ilegales o no autorizadas.</li>\n<li>Nos reservamos el derecho de suspender o cancelar su acceso si incumple estos Términos.</li>\n</ul>\n<h2>3. Registro y Seguridad de la Cuenta</h2>\n<ul>\n<li>Para acceder a ciertas funcionalidades, puede ser necesario crear una cuenta.</li>\n<li>Usted es responsable de mantener la confidencialidad de su información de inicio de sesión.</li>\n<li>Debe notificarnos de inmediato cualquier uso no autorizado de su cuenta.</li>\n</ul>\n<h2>4. Privacidad y Datos Personales</h2>\n<ul>\n<li>La recopilación y el uso de sus datos están regulados por nuestra Política de Privacidad.</li>\n<li>Nos comprometemos a proteger su información personal y a utilizarla solo con fines legítimos.</li>\n</ul>\n<h2>5. Propiedad Intelectual</h2>\n<ul>\n<li>Todos los derechos de propiedad intelectual sobre la Aplicación y su contenido nos pertenecen o son utilizados con licencia.</li>\n<li>No está permitido copiar, modificar, distribuir o utilizar nuestro contenido sin autorización previa.</li>\n</ul>\n<h2>6. Limitación de Responsabilidad</h2>\n<ul>\n<li>La Aplicación se proporciona \"tal cual\" y no garantizamos su funcionamiento ininterrumpido o libre de errores.</li>\n<li>No nos hacemos responsables por daños directos, indirectos o incidentales derivados del uso de la Aplicación.</li>\n</ul>\n<h2>7. Modificaciones a los Términos</h2>\n<ul>\n<li>Nos reservamos el derecho de modificar estos Términos en cualquier momento.</li>\n<li>Los cambios entrarán en vigencia una vez publicados en la Aplicación.</li>\n<li>Es su responsabilidad revisar los Términos periódicamente.</li>\n</ul>\n<h2>8. Legislación Aplicable</h2>\n<ul>\n<li>Estos Términos se rigen por las leyes de [País o Jurisdicción].</li>\n<li>Cualquier disputa será resuelta en los tribunales de [Ubicación].</li>\n</ul>\n<h2>9. Contacto</h2>\n<p>Si tiene alguna pregunta sobre estos Términos, puede contactarnos en [correo electrónico de contacto].</p>"},{"frontmatter":{"lang":null,"type":null},"html":""},{"frontmatter":{"lang":null,"type":null},"html":""},{"frontmatter":{"lang":null,"type":null},"html":""}]}}}