{"app":["/app-661025827c0b56474aeb.js"],"component---src-pages-404-tsx":["/component---src-pages-404-tsx-ee3bd6e20ba356f58c0d.js"],"component---src-pages-faqs-tsx":["/component---src-pages-faqs-tsx-c6412ceaed30b5f109ee.js"],"component---src-pages-how-it-works-tsx":["/component---src-pages-how-it-works-tsx-f4369d1f99eab63dcbdc.js"],"component---src-pages-index-tsx":["/component---src-pages-index-tsx-282dac297e43d1bdae0f.js"],"component---src-pages-privacy-policy-tsx":["/component---src-pages-privacy-policy-tsx-b9cc555893ac898b87db.js"],"component---src-pages-sign-up-tsx":["/component---src-pages-sign-up-tsx-e40c769a41dd0e5a1c83.js"],"component---src-pages-support-tsx":["/component---src-pages-support-tsx-743a9f2b9712a18400b7.js"],"component---src-pages-terms-of-service-tsx":["/component---src-pages-terms-of-service-tsx-452b6a0131cbd29c378c.js"]}