{"name":"build-javascript","namedChunkGroups":{"app":{"name":"app","assets":[{"name":"webpack-runtime-566117c655f9a9fc5144.js","size":4177},{"name":"framework-8364f264209c888788c9.js","size":141414},{"name":"styles.e12c7c9c885ec3ebdd07.css","size":1843},{"name":"app-661025827c0b56474aeb.js","size":305236}],"filteredAssets":0,"assetsSize":452670,"filteredAuxiliaryAssets":3,"auxiliaryAssetsSize":1673845},"component---src-pages-404-tsx":{"name":"component---src-pages-404-tsx","assets":[{"name":"component---src-pages-404-tsx-ee3bd6e20ba356f58c0d.js","size":476}],"filteredAssets":0,"assetsSize":476,"filteredAuxiliaryAssets":1,"auxiliaryAssetsSize":826},"component---src-pages-faqs-tsx":{"name":"component---src-pages-faqs-tsx","assets":[{"name":"b446a4d784340ce149a07db7221a58c13a013b74-c8057dc0fd3efefd1299.js","size":23800},{"name":"component---src-pages-faqs-tsx-c6412ceaed30b5f109ee.js","size":431}],"filteredAssets":0,"assetsSize":24231,"filteredAuxiliaryAssets":2,"auxiliaryAssetsSize":61073},"component---src-pages-how-it-works-tsx":{"name":"component---src-pages-how-it-works-tsx","assets":[{"name":"b446a4d784340ce149a07db7221a58c13a013b74-c8057dc0fd3efefd1299.js","size":23800},{"name":"component---src-pages-how-it-works-tsx-f4369d1f99eab63dcbdc.js","size":539}],"filteredAssets":0,"assetsSize":24339,"filteredAuxiliaryAssets":2,"auxiliaryAssetsSize":61566},"component---src-pages-index-tsx":{"name":"component---src-pages-index-tsx","assets":[{"name":"b446a4d784340ce149a07db7221a58c13a013b74-c8057dc0fd3efefd1299.js","size":23800},{"name":"component---src-pages-index-tsx-282dac297e43d1bdae0f.js","size":1547}],"filteredAssets":0,"assetsSize":25347,"filteredAuxiliaryAssets":2,"auxiliaryAssetsSize":64921},"component---src-pages-privacy-policy-tsx":{"name":"component---src-pages-privacy-policy-tsx","assets":[{"name":"b446a4d784340ce149a07db7221a58c13a013b74-c8057dc0fd3efefd1299.js","size":23800},{"name":"component---src-pages-privacy-policy-tsx-b9cc555893ac898b87db.js","size":453}],"filteredAssets":0,"assetsSize":24253,"filteredAuxiliaryAssets":2,"auxiliaryAssetsSize":61193},"component---src-pages-sign-up-tsx":{"name":"component---src-pages-sign-up-tsx","assets":[{"name":"component---src-pages-sign-up-tsx-e40c769a41dd0e5a1c83.js","size":4664}],"filteredAssets":0,"assetsSize":4664,"filteredAuxiliaryAssets":1,"auxiliaryAssetsSize":4788},"component---src-pages-support-tsx":{"name":"component---src-pages-support-tsx","assets":[{"name":"b446a4d784340ce149a07db7221a58c13a013b74-c8057dc0fd3efefd1299.js","size":23800},{"name":"component---src-pages-support-tsx-743a9f2b9712a18400b7.js","size":420}],"filteredAssets":0,"assetsSize":24220,"filteredAuxiliaryAssets":2,"auxiliaryAssetsSize":61077},"component---src-pages-terms-of-service-tsx":{"name":"component---src-pages-terms-of-service-tsx","assets":[{"name":"b446a4d784340ce149a07db7221a58c13a013b74-c8057dc0fd3efefd1299.js","size":23800},{"name":"component---src-pages-terms-of-service-tsx-452b6a0131cbd29c378c.js","size":455}],"filteredAssets":0,"assetsSize":24255,"filteredAuxiliaryAssets":2,"auxiliaryAssetsSize":61200}},"assetsByChunkName":{"app":["webpack-runtime-566117c655f9a9fc5144.js","framework-8364f264209c888788c9.js","styles.e12c7c9c885ec3ebdd07.css","app-661025827c0b56474aeb.js"],"component---src-pages-404-tsx":["component---src-pages-404-tsx-ee3bd6e20ba356f58c0d.js"],"component---src-pages-faqs-tsx":["b446a4d784340ce149a07db7221a58c13a013b74-c8057dc0fd3efefd1299.js","component---src-pages-faqs-tsx-c6412ceaed30b5f109ee.js"],"component---src-pages-how-it-works-tsx":["b446a4d784340ce149a07db7221a58c13a013b74-c8057dc0fd3efefd1299.js","component---src-pages-how-it-works-tsx-f4369d1f99eab63dcbdc.js"],"component---src-pages-index-tsx":["b446a4d784340ce149a07db7221a58c13a013b74-c8057dc0fd3efefd1299.js","component---src-pages-index-tsx-282dac297e43d1bdae0f.js"],"component---src-pages-privacy-policy-tsx":["b446a4d784340ce149a07db7221a58c13a013b74-c8057dc0fd3efefd1299.js","component---src-pages-privacy-policy-tsx-b9cc555893ac898b87db.js"],"component---src-pages-sign-up-tsx":["component---src-pages-sign-up-tsx-e40c769a41dd0e5a1c83.js"],"component---src-pages-support-tsx":["b446a4d784340ce149a07db7221a58c13a013b74-c8057dc0fd3efefd1299.js","component---src-pages-support-tsx-743a9f2b9712a18400b7.js"],"component---src-pages-terms-of-service-tsx":["b446a4d784340ce149a07db7221a58c13a013b74-c8057dc0fd3efefd1299.js","component---src-pages-terms-of-service-tsx-452b6a0131cbd29c378c.js"]},"childAssetsByChunkName":{}}